{"graph": {"_type": "graph-file", "path": "media/graph/graph_summary_2e72cc6d13911599569f.graph.json", "sha256": "2e72cc6d13911599569fe456fd264d3a1cb0fb56023c71baff9daa710cd32d55", "size": 754}, "epoch": 9, "loss": 0.5345802307128906, "accuracy": 0.8164166808128357, "val_loss": 0.5951793193817139, "val_accuracy": 0.7925999760627747, "_runtime": 95, "_timestamp": 1644595549, "_step": 9, "best_val_loss": 0.5198171734809875, "best_epoch": 1}