{"graph": {"_type": "graph-file", "path": "media/graph/graph_summary_2e72cc6d13911599569f.graph.json", "sha256": "2e72cc6d13911599569fe456fd264d3a1cb0fb56023c71baff9daa710cd32d55", "size": 754}, "epoch": 0, "loss": 0.4888322055339813, "accuracy": 0.8308833241462708, "val_loss": 0.5222021341323853, "val_accuracy": 0.8187000155448914, "_runtime": 508, "_timestamp": 1644594745, "_step": 11, "best_val_loss": 0.5222021341323853, "best_epoch": 0, "_wandb": {"runtime": 47}}